BlockNameBegin,BlockNameEnd,BlockNS,BlockEW,Time,NeighborhoodWatchSigns,WeCallPolice,TresspassingSign,DogSign,AlarmSystem,ForRent,ForSale,FallenTree,Construction,VacantLots,IllegalDumping,BoardedUp,NoSolicitation,Notes,Date,Surveyor,OfficialBoolean,,,,,
Wolcott/WickerPark,Wolcott/Ellen,1300N,1900W,11:20,0,0,null,null,null,0,0,0,0,0,0,0,null,,7/14/2015,Anthony,FALSE,,,,,
Evergreen/WickerPark,Evergreen/Milwaukee,1400N,1900W,11:32,0,0,null,null,null,0,0,0,0,0,0,0,null,,7/14/2015,Anthony,FALSE,,,,,
Beach/Wood,Beach/Paulina,1400N,1800W,11:42,0,0,null,null,null,1,0,0,0,0,0,0,null,,7/14/2015,Anthony,FALSE,,,,,
Bosworth/LeMoyne,Bosworth/Blackhawk,1500N,1500W,12:06,0,0,null,null,null,3,0,0,0,0,0,0,null,,7/14/2015,Anthony,FALSE,,,,,
North/Hoyne,Pierce/Hoyne,1600N,2100W,12:48,0,0,null,null,null,0,0,0,0,0,0,0,null,,7/14/2015,Anthony,FALSE,,,,,
LeMoyne/Claremont,LeMoyne/Western,1500N,2300W,13:20,0,0,null,null,null,0,0,1,0,0,0,0,null,,7/14/2015,Anthony,FALSE,,,,,
Lemoyne/Maplewood,Hirsch/Maplewood,1500N,2500W,14:47,0,0,null,null,null,1,1,0,0,1,0,0,null,,7/14/2015,Anthony,FALSE,,,,,
Potomac/Washtenaw,Potomac/California,1300N,2800W,15:19,0,0,null,null,null,0,0,0,0,0,0,0,null,,7/14/2015,Anthony,FALSE,,,,,
Honore/Thomas,Honore/Augusta,1000N,1800W,9:56,2,1,null,null,null,1,1,1,1,0,0,0,null,,7/13/2015,Gustavo,TRUE,,,,,
Augusta/Hermitage,Augusta/Paulina,900N,1700W,10:13,0,0,null,null,null,1,0,0,0,1,0,0,null,,7/13/2015,Gustavo,TRUE,,,,,
Hermitage/Pearson,Hermitage/Chicago,800N,1700W,10:30,0,0,null,null,null,0,2,0,1,0,0,0,null,,7/13/2015,Gustavo,TRUE,,,,,
Paulina/Erie,Paulina/Wood,600N,1700W,10:41,0,0,null,null,null,0,1,0,0,0,0,0,null,,7/13/2015,Gustavo,TRUE,,,,,
Noble/Erie,Erire/Ada,600N,1300W,11:04,0,0,null,null,null,0,1,0,0,0,0,0,null,,7/13/2015,Gustavo,TRUE,,,,,
Noble/Erie,Noble/Huron,600N,1400W,11:10,0,0,null,null,null,0,0,0,0,0,0,0,null,,7/13/2015,Gustavo,TRUE,,,,,
Noble/Chestnut,Noble/Walton,900N,1400W,11:19,0,0,null,null,null,0,0,0,0,0,0,2,null,,7/13/2015,Gustavo,TRUE,,,,,
Kingsbury/Superior,Kingsbury/Larabee,700N,500W,11:55,0,0,null,null,null,0,0,0,0,0,0,0,null,,7/13/2015,Gustavo,TRUE,,,,,
Hudson/Chestnut,Hudson/Chicago,800N,400W,12:13,0,0,null,null,null,0,0,0,0,0,0,6,null,,7/13/2015,Gustavo,TRUE,,,,,
Granville/Keystone,DeadEnd,6150N,4030W,13:43,,15:09,null,null,null,8/3/2015,Radha/Denise,TRUE,0,0,0,0,null,,7/13/2015,Gustavo,TRUE,,,,,
Menomonee/Orleans,Menomonee/Sedgwick,1800N,300W,14:00,0,0,null,null,null,0,0,0,0,0,0,0,null,,7/13/2015,Gustavo,TRUE,,,,,
Commonwealth/Belden,Commonwealth/Fullerton,2300N,300W,14:24,0,0,null,null,null,2,0,0,0,0,0,0,null,,7/13/2015,Gustavo,TRUE,,,,,
Belden/Cambridge,Dead_End,2300N,500W,14:39,0,0,null,null,null,0,0,0,0,0,0,0,null,,7/13/2015,Gustavo,TRUE,,,,,
Belden/Geneva,Belden/Orchard,2300N,600W,14:48,0,0,null,null,null,0,4,0,0,0,0,0,null,,7/13/2015,Gustavo,TRUE,,,,,
Kemper/Geneva,Kemper/Orchard,2300N,600W,15:00,0,0,null,null,null,0,0,0,0,0,0,0,null,,7/13/2015,Gustavo,TRUE,,,,,
Orchard/Wrightwood,Orchard/Drummond,2600N,600W,15:25,0,0,null,null,null,1,0,0,0,0,0,0,null,,7/13/2015,Gustavo,TRUE,,,,,
Cambridge/Diversy,Cambridge/Surf,2800N,500W,15:43,0,0,null,null,null,0,2,0,0,0,0,0,null,,7/13/2015,Gustavo,TRUE,,,,,
Wolcott/Ellen,Wolcott/Marion,1300N,1900W,11:10,0,0,null,null,null,0,1,0,0,0,0,0,null,,7/14/2015,Anthony,TRUE,,,,,
Schiller/Damen,Schiller/WickerPark,1400N,2000W,11:29,0,0,null,null,null,0,0,0,2,0,0,2,null,,7/14/2015,Anthony,TRUE,,,,,
Wood/Milwaukee,Wood/Julian,1400N,1800W,11:35,0,0,null,null,null,0,1,0,0,0,0,0,null,,7/14/2015,Anthony,TRUE,,,,,
Paulina/Beach,Paulina/Blackhawk,1400N,1700W,11:46,0,0,null,null,null,1,0,0,0,0,0,0,null,,7/14/2015,Anthony,TRUE,,,,,
Bosworth/Blackhawk,Bosworth/West_Division,1400N,1500W,11:56,0,0,null,null,null,1,0,0,0,1,0,0,null,,7/14/2015,Anthony,TRUE,,,,,
Greenview/LeMoyne,Bosworth/LeMoyne,1500N,1500W,12:10,0,0,null,null,null,0,0,0,0,0,0,0,null,,7/14/2015,Anthony,TRUE,,,,,
Pierce/Hoyne,LeMoyne/Hoyne,1500N,2100W,12:56,0,0,null,null,null,0,0,0,0,0,0,0,null,,7/14/2015,Anthony,TRUE,,,,,
Hirsch/Maplewood,Potomac/Maplewood,1400N,2500W,14:56,0,1,null,null,null,0,0,0,1,1,0,0,null,,7/14/2015,Anthony,TRUE,,,,,
Potomac/Maplewood,Potomac/Washtenaw,1300N,2600W,15:06,5,1,null,null,null,0,0,0,0,4,0,0,null,,7/14/2015,Anthony,TRUE,,,,,
Thomas/Washtenaw,Cortez/Washtenaw,1100N,2700W,15:30,0,0,null,null,null,0,0,0,0,0,0,0,null,,7/14/2015,Anthony,TRUE,,,,,
Campbell/Augusta,Western/Augusta,1000N,2500W,15:45,0,1,null,null,null,0,2,0,0,0,0,0,null,,7/14/2015,Anthony,TRUE,,,,,
Grand/Orleans,Grand/Illinois,500N,300W,9:56,0,0,null,null,null,0,0,0,0,0,0,0,null,,7/16/2015,Stacy & Forest,TRUE,,,,,
LaSalle/Kinzie,LaSalle/Carroll,300N,140W,10:10,0,0,null,null,null,0,0,0,0,0,0,0,null,,7/16/2015,Stacy & Forest,TRUE,,,,,
LaSalle/Hubbard,LaSalle/Kinzie,400N,140W,10:20,0,0,null,null,null,0,0,0,2,0,0,0,null,,7/16/2015,Stacy & Forest,FALSE,,,,,
Hubbard/State,Hubbard/Wabash(lower),400N,20E,10:25,0,0,null,null,null,0,0,0,0,0,0,0,null,,7/16/2015,Stacy & Forest,TRUE,,,,,
Wabash/Hubbard,Wabash/Illinois,400N,20E,10:38,0,0,null,null,null,0,0,0,1,0,0,0,null,,7/16/2015,Stacy & Forest,TRUE,,,,,
Ohio/State,Ohio/Dearborn,500N,30W,10:52,0,0,null,null,null,0,0,0,0,0,0,0,null,,7/16/2015,Stacy & Forest,TRUE,,,,,
Huron/State,Huron/Dearborn,700N,30W,11:00,0,0,null,null,null,0,0,0,0,0,0,0,null,,7/16/2015,Stacy & Forest,TRUE,,,,,
Wabash/Huron,Wabash/Erie,600N,30E,11:05,0,0,null,null,null,0,0,0,2,0,0,0,null,,7/16/2015,Stacy & Forest,TRUE,,,,,
Erie/Rush,Erie/Wabash,600N,50E,11:07,0,0,null,null,null,0,0,0,0,0,0,0,null,,7/16/2015,Stacy & Forest,FALSE,,,,,
Ontario/St._Clair,Ontario/Fairbanks,600N,200E,11:14,0,0,null,null,null,0,0,0,1,1,0,1,null,,7/16/2015,Stacy & Forest,TRUE,,,,,
McClurg/North_Water,McClurg/Illinois,400N,400E,11:28,0,0,null,null,null,0,0,0,1,0,0,0,null,,7/16/2015,Stacy & Forest,FALSE,,,,,
River_Drive/McClurg,River_Drive/New,400N,400E,11:30,0,0,null,null,null,0,0,0,0,0,0,0,null,,7/16/2015,Stacy & Forest,TRUE,,,,,
Streeter/Grand,Streeter/Illinois,500N,500E,11:58,0,0,null,null,null,0,0,0,0,0,0,0,null,,7/16/2015,Stacy & Forest,TRUE,,,,,
Ohio/LakeShore,Ohio/McClurg,600N,600E,12:04,0,0,null,null,null,0,0,0,1,0,0,0,null,,7/16/2015,Stacy & Forest,TRUE,,,,,
Pearson/MiesVanDerRohe,Pearson/Dewitt,800N,200E,13:46,0,0,null,null,null,0,0,0,0,0,0,0,null,,7/16/2015,Stacy ,TRUE,,,,,
Walton/Michigan,Walton/Rush,900N,100E ,14:00,0,0,null,null,null,0,0,0,1,0,0,0,null,,7/16/2015,Stacy ,TRUE,,,,,
Bellevue/State,Bellevue/Lake_Shore,1000N,40E,14:09,0,0,null,null,null,0,0,0,1,0,0,0,null,,7/16/2015,Stacy ,TRUE,,,,,
Dearborn/Elm,Dearborn/Oak,1000N,20W,14:23,1,1,null,null,null,1,0,0,1,0,0,0,null,,7/16/2015,Stacy ,TRUE,,,,,
Oak/Dearborn,Oak/Clark,900N,60W,14:31,0,0,null,null,null,0,0,0,1,0,0,0,null,,7/16/2015,Stacy ,FALSE,,,,,
Oak/LaSalle,Oak/Wells,1000N,100W,14:39,0,0,null,null,null,1,0,0,0,0,0,0,null,,7/16/2015,Stacy ,FALSE,,,,,
Maple/LaSalle,Dead_End,1000N,100W,14:41,0,0,null,null,null,0,0,0,0,0,0,0,null,,7/16/2015,Stacy ,TRUE,,,,,
Wells/Wendell,Dead_End,1000N,100W,15:00,0,0,null,null,null,0,0,0,0,0,0,0,null,,7/16/2015,Stacy ,TRUE,,,,,
Division/State,Division/Dearborn,1200N,20W,15:19,0,0,null,null,null,1,0,0,0,0,0,0,null,,7/16/2015,Stacy ,FALSE,,,,,
Astor/Division,Astor/Scott,1200N,30E,15:21,0,0,null,null,null,1,0,0,0,0,0,0,null,,7/16/2015,Stacy ,TRUE,,,,,
Astor/LakeShore,Dead_End,1300N,40E,15:26,0,0,null,null,null,0,0,0,1,0,0,0,null,,7/16/2015,Stacy ,FALSE,,,,,
Delaware/Clark,Delaware/LaSalle,800N,100W,16:19,0,1,null,null,null,0,0,0,0,0,0,0,null,,7/16/2015,Stacy ,TRUE,,,,,
Chestunut/LaSalle,Chestnut/Clark,800N,100W,16:25,0,0,null,null,null,0,0,0,0,1,0,0,null,,7/16/2015,Stacy ,FALSE,,,,,
Chestnut/Clark,Chestnut/Dearborn,800N ,60W,16:29,0,0,null,null,null,1,0,0,0,0,0,0,null,,7/16/2015,Stacy ,TRUE,,,,,
Chestnut/Dearborn,Chestnut/State,800N,20W,16:33,3,0,null,null,null,0,0,0,0,0,0,0,null,,7/16/2015,Stacy ,FALSE,,,,,
Spaulding/51st,Dead_End,5000S,3000W,10:20,0,0,null,null,null,0,1,0,0,1,0,0,null,,7/15/2015,Danica & Alison,TRUE,,,,,
Homan/51st,Homan/52nd,5100S,3400W,10:39,0,0,null,null,null,0,0,0,0,0,0,0,null,,7/15/2015,Danica & Alison,TRUE,,,,,
52nd/Homan,52/Christina,5200S,3300W,10:52,0,0,null,null,null,0,0,0,0,0,0,0,null,,7/15/2015,Danica & Alison,FALSE,,,,,
52nd/Christina,52nd/Spaulding,5100S,3300W,10:56,0,0,null,null,null,0,0,0,0,0,0,0,null,,7/15/2015,Danica & Alison,TRUE,,,,,
Spaulding/52nd,Spaulding/53rd,5200S,3200W,11:01,0,0,null,null,null,0,0,0,0,0,0,1,null,,7/15/2015,Danica & Alison,FALSE,,,,,
53rd/Spaulding,53rd/Sawyer,5200S,3200W,11:09,0,0,null,null,null,0,0,0,0,0,0,0,null,,7/15/2015,Danica & Alison,FALSE,,,,,
53rd/Sawyer,53rd/Kedzie,5200S,3200W,11:15,1,0,null,null,null,0,0,0,0,0,0,1,null,,7/15/2015,Danica & Alison,FALSE,,,,,
52nd/Kedzie,52nd/Troy,5200S,3100W,11:18,0,0,null,null,null,0,0,0,0,0,0,0,null,,7/15/2015,Danica & Alison,FALSE,,,,,
52nd/Troy,52nd/Albany,5200S,3100W,11:20,0,0,null,null,null,0,0,0,0,0,0,0,null,,7/15/2015,Danica & Alison,TRUE,,,,,
52nd/Albany,52nd/Whipple,5200S,3000W,11:30,0,0,null,null,null,0,0,0,0,0,0,1,null,,7/15/2015,Danica & Alison,FALSE,,,,,
52nd/Whipple,52nd/Sacramento,5200S,3000W,11:36,1,0,null,null,null,0,0,0,0,0,0,0,null,,7/15/2015,Danica & Alison,FALSE,,,,,
52nd/Sacramento,52nd/Richmond,5200S,2900W,11:40,0,0,null,null,null,0,0,0,0,0,0,0,null,,7/15/2015,Danica & Alison,FALSE,,,,,
52nd/Richmond,52nd/Francisco,5200S,2900W,11:45,0,0,null,null,null,0,0,0,0,0,0,0,null,,7/15/2015,Danica & Alison,FALSE,,,,,
52nd/Francisco,52nd/Mozart,5200S,2800W,11:46,0,0,null,null,null,0,0,0,0,0,0,0,null,,7/15/2015,Danica & Alison,FALSE,,,,,
Mozart/52nd,Mozart/53rd,5200S,2800W,11:49,2,2,null,null,null,0,0,0,0,0,0,0,null,,7/15/2015,Danica & Alison,TRUE,,,,,
Mozart/53rd,Mozart/54th_St,5300S,2800W,11:57,3,0,null,null,null,0,0,0,0,0,0,1,null,,7/15/2015,Danica & Alison,FALSE,,,,,
54th_St/Mozart,54th_St/Francisco,5300S,2800W,12:03,1,0,null,null,null,0,0,0,0,0,0,0,null,,7/15/2015,Danica & Alison,FALSE,,,,,
54th_St/Francisco,54th_St/Richmond,5300S,2900W,12:12,0,0,null,null,null,0,0,0,0,0,0,0,null,,7/15/2015,Danica & Alison,TRUE,,,,,
54th_St/Richmond,54th_St/Sacramento,5300S,2900W,12:26,1,0,null,null,null,0,0,0,0,0,0,0,null,,7/15/2015,Danica & Alison,FALSE,,,,,
Sacramento/54th_St,Sacramento/55th,5400S,3000W,12:31,0,2,null,null,null,0,0,0,1,0,0,0,null,,7/15/2015,Danica & Alison,FALSE,,,,,
Sacramento/55th,Sacramento/56th,5500S,3000W,12:34,1,0,null,null,null,0,1,0,1,0,0,0,null,,7/15/2015,Danica & Alison,TRUE,,,,,
56th/Sacramento,56th/Whipple,5500S,3000W,12:42,0,0,null,null,null,0,0,0,0,0,0,0,null,,7/15/2015,Danica & Alison,FALSE,,,,,
56th/Whipple,56th/Albany,5500S,3000W,12:46,0,0,null,null,null,1,0,0,0,0,0,0,null,,7/15/2015,Danica & Alison,FALSE,,,,,
Albany/56th,Albany/57th,5600S,3100W,12:49,0,1,null,null,null,0,0,0,0,0,0,0,null,,7/15/2015,Danica & Alison,TRUE,,,,,
57th/Albany,57th/Troy,5600S,3100W,12:55,0,0,null,null,null,0,0,0,0,0,0,1,null,,7/15/2015,Danica & Alison,FALSE,,,,,
57th/Troy,57th/Kedzie,5600S,3100W,13:05,0,0,null,null,null,0,0,0,0,0,0,0,null,,7/15/2015,Danica & Alison,TRUE,,,,,
57th/Kedzie,57th/Sawyer,5600S,3200W,13:55,0,0,null,null,null,0,0,0,0,0,0,0,null,,7/15/2015,Danica & Alison,FALSE,,,,,
Sawyer/57th,Sawyer/56th,5600S,3200W,13:58,1,0,null,null,null,1,0,0,0,0,0,0,null,,7/15/2015,Danica & Alison,TRUE,,,,,
56th/Sawyer,56th/Christina,5500S,3300W,14:07,2,0,null,null,null,0,1,0,0,0,0,0,null,,7/15/2015,Danica & Alison,FALSE,,,,,
56th/Christina,56th/Homan,5500S,3300W,14:11,1,0,null,null,null,0,0,0,0,0,0,0,null,,7/15/2015,Danica & Alison,FALSE,,,,,
Homan/56th,Homan/57th,5500S,3300W,14:15,0,0,null,null,null,0,0,0,1,0,0,0,null,,7/15/2015,Danica & Alison,FALSE,,,,,
Homan/57th,Homan/58th,5600S,3400W,14:22,1,0,null,null,null,0,1,0,1,0,0,0,null,,7/15/2015,Danica & Alison,TRUE,,,,,
58th/Homan,58th/Trumbull,5800S,3400W,14:27,0,0,null,null,null,0,0,0,0,0,0,0,null,,7/15/2015,Danica & Alison,FALSE,,,,,
58th/Trumbull,58th/StLouis,5800S,3400W,14:31,1,0,null,null,null,0,0,0,0,0,0,0,null,,7/15/2015,Danica & Alison,FALSE,,,,,
58th/St._Louis,58th/CentralPark,5800S,3500W,14:34,1,1,null,null,null,0,1,1,0,0,0,0,null,,7/15/2015,Danica & Alison,FALSE,,,,,
58th/Central_Park,58th/Lawndale,5800S,3600W,14:41,0,0,null,null,null,0,0,0,0,1,0,0,null,,7/15/2015,Danica & Alison,FALSE,,,,,
Lawndale/58th,Lawndale/57_Pl,5700S,3600W,14:44,0,0,null,null,null,0,0,0,0,0,0,0,null,,7/15/2015,Danica & Alison,FALSE,,,,,
Lawndale/57th_Pl,Lawndale/57th,5700S,3600W,14:47,0,0,null,null,null,0,0,0,0,0,0,0,null,,7/15/2015,Danica & Alison,FALSE,,,,,
Lawndale/57th,Lawndale/56th_Pl,5600S,3600W,14:49,0,0,null,null,null,0,0,0,0,0,0,0,null,,7/15/2015,Danica & Alison,FALSE,,,,,
Lawndale/56th_Pl,Lawndale/56th,5600S,3600W,14:52,0,0,null,null,null,0,0,0,0,0,0,0,null,,7/15/2015,Danica & Alison,FALSE,,,,,
56th/Lawndale,Dead_End,5600S,3600W,14:54,3,2,null,null,null,0,1,0,3,0,0,0,null,,7/15/2015,Danica & Alison,TRUE,,,,,
58th/Springfield,58th/Pulaski,5800S,3900W,15:20,0,0,null,null,null,0,0,0,0,1,0,0,null,,7/15/2015,Danica & Alison,TRUE,,,,,
58th/Pulaski,58th/Karkov,5800S,4000W,15:24,2,2,null,null,null,0,1,0,0,0,0,0,null,,7/15/2015,Danica & Alison,FALSE,,,,,
Karkov/58th,Karkov/57th_Pl,5700S,4100W,15:29,0,0,null,null,null,0,0,0,0,0,0,0,null,,7/15/2015,Danica & Alison,FALSE,,,,,
Karkov/57th_Pl,Karkov/57th,5700S,4100W,15:31,0,0,null,null,null,0,0,0,0,0,0,0,null,,7/15/2015,Danica & Alison,FALSE,,,,,
57th_St/Karkov,57th_St/Keeler,5700S,4100W,15:33,1,1,null,null,null,0,2,0,1,0,0,0,null,,7/15/2015,Danica & Alison,TRUE,,,,,
Keeler/57th,Keeler/58th,5700S,4200W,15:39,2,0,null,null,null,0,0,0,0,0,0,0,null,,7/15/2015,Danica & Alison,FALSE,,,,,
58th/Keeler,58th/Tripp,5800S,4200W,15:43,0,0,null,null,null,0,0,0,0,0,0,0,null,,7/15/2015,Danica & Alison,TRUE,,,,,
Tripp/58th,Tripp/59th,5800S,4200W,15:45,3,1,null,null,null,0,0,0,0,0,0,0,null,,7/15/2015,Danica & Alison,FALSE,,,,,
Tripp/59th,Tripp/60th,5900S,4200W,15:50,0,0,null,null,null,0,1,0,1,0,0,0,null,,7/15/2015,Danica & Alison,FALSE,,,,,
60th/Tripp,60th/Keeler,6000S,4200W,3:58 PM,0,0,null,null,null,0,0,0,0,0,0,0,null,,7/15/2015,Danica & Alison,FALSE,,,,,
Keeler/60th,Keeler/61st,6000S,4200W,16:00,0,0,null,null,null,0,0,1,0,0,0,0,null,,7/15/2015,Danica & Alison,TRUE,,,,,t
Keeler/63rd,Keeler/64th,6300S,4200W,16:12,2,1,null,null,null,0,0,0,0,0,0,0,null,,7/15/2015,Danica & Alison,TRUE,,,,,
Kimball/64th_Pl,Kimball/65th,6400S,4500W,16:27,0,0,null,null,null,0,0,0,0,0,0,0,null,,7/15/2015,Danica & Alison,TRUE,,,,,
65th_St/Kimball,Dead_End,6500S,4500W,16:29,0,0,null,null,null,0,1,0,0,0,0,0,null,,7/15/2015,Danica & Alison,TRUE,,,,,
Kimball/65th,Kimball/65th_Pl,6500S,4500W,16:34,0,0,null,null,null,0,0,0,0,0,0,0,null,,7/15/2015,Danica & Alison,FALSE,,,,,
Kimball/65th_Pl,Kimball/66th,6500S,4500W,16:36,0,0,null,null,null,0,0,1,0,0,0,0,null,,7/15/2015,Danica & Alison,TRUE,,,,,
68th/Kenneth,68th/Kostner,6800S,4400W,16:45,0,0,null,null,null,0,0,0,0,0,0,0,null,,7/15/2015,Danica & Alison,TRUE,,,,,
Kolin/68th,Kolin/69th,6800S,4300W,16:48,0,0,null,null,null,0,0,0,1,0,0,0,null,,7/15/2015,Danica & Alison,TRUE,,,,,
Taylor/Miller,Miller/Cabrini,900S,1000W,10:30,0,0,null,null,null,2,2,0,2,0,0,0,null,,7/20/2015,Stacy and Denise,FALSE,,,,,
Polk/Miller,Dead_End,700S,1000W,10:45,0,0,null,null,null,1,1,1,0,0,0,0,null,,7/20/2015,Stacy and Denise,TRUE,,,,,
Polk/May,Dead_End,800S,1100W,10:59,0,0,null,null,null,2,2,0,0,0,0,0,null,,7/20/2015,Stacy and Denise,FALSE,,,,,
Polk/Racine,Racine_Ave,800S,1200W,11:03,0,0,null,null,null,1,1,0,0,0,0,0,null,,7/20/2015,Stacy and Denise,TRUE,,,,,
Taylor/Racine,Taylor/Lytle,1000S,1200W,11:09,1,1,null,null,null,0,0,0,0,0,0,0,null,,7/20/2015,Stacy and Denise,TRUE,,,,,
Taylor/May,Dead_End,1000S,1100W,11:22,0,0,null,null,null,0,0,0,1,0,0,0,null,,7/20/2015,Stacy and Denise,TRUE,,,,,
Taylor/Lytle,Lytle/Greenshaw,1100S,1200W,11:32,0,0,null,null,null,0,0,0,0,0,0,0,null,,7/20/2015,Stacy and Denise,TRUE,,,,,
Throop/Fillmore,Fillmore/Loomis,1000S,1300W,11:43,0,0,null,null,null,1,1,1,0,0,0,0,null,,7/20/2015,Stacy and Denise,FALSE,,,,,
Roosevelt/Loomis,Loomis/Washburne,1200S,1400W,11:50,0,0,null,null,null,0,0,0,0,0,0,0,null,,7/20/2015,Stacy and Denise,TRUE,,,,,
Washburne/Loomis,Washburne/Throop,1200S,1300W,11:59,0,0,null,null,null,0,0,0,0,0,0,0,null,,7/20/2015,Stacy and Denise,FALSE,,,,,
Ada/Cabrini,Ada/Arthington,900S,800W,14:00,1,1,null,null,null,0,0,0,0,0,0,0,null,,7/20/2015,Stacy and Denise,TRUE,,,,,
Laflin/Taylor,Laflin_St.,960S,1400W,14:17,3,3,null,null,null,0,0,0,0,0,0,0,null,,7/20/2015,Stacy and Denise,TRUE,,,,,
Laflin/Polk,Laflin/Lexington,750S,1400W,14:24,4,4,null,null,null,0,0,0,1,0,0,0,null,,7/20/2015,Stacy and Denise,TRUE,,,,,
Laflin/Flournoy,Flournoy/Loomis,620S,1450W,14:30,4,4,null,null,null,0,0,0,2,0,0,0,null,,7/20/2015,Stacy and Denise,TRUE,,,,,
Lexington/Loomis,Loomis_Ave,730S,1400W,14:37,1,1,null,null,null,0,0,0,0,0,0,0,null,,7/20/2015,Stacy and Denise,FALSE,,,,,
Polk/Loomis,Dead_End,800S,1300W,14:40,2,2,null,null,null,0,0,0,0,0,0,0,null,,7/20/2015,Stacy and Denise,FALSE,,,,,
Throop/Van_Buren,Throop/Gladys,370S,1200W,14:58,1,1,null,null,null,0,0,0,1,0,0,0,null,,7/20/2015,Stacy and Denise,TRUE,,,,,
Jackson/Laflin,Laflin/Adam,230S,1500W,15:10,1,1,null,null,null,0,0,0,1,0,0,0,null,,7/20/2015,Stacy and Denise,TRUE,,,,,
Laflin/Monroe,Monroe_Ave,25S,1400W,15:25,0,0,null,null,null,0,0,0,0,0,0,0,null,,7/20/2015,Stacy and Denise,TRUE,,,,,
Aberdeen/Rundell,Aberdeen/Arcade,16S,1100W,15:23,1,1,null,null,null,0,0,0,0,0,0,0,null,,7/20/2015,Stacy and Denise,TRUE,,,,,
Quincy/Aberdeen,Aberdeen/Jackson,215S,1100W,15:32,1,1,null,null,null,0,0,0,0,0,0,0,null,,7/20/2015,Stacy and Denise,TRUE,,,,,
Madison/Carpenter,Carpenter/Washington,16S,1000W,15:45,0,0,null,null,null,0,0,0,0,0,0,0,null,,7/20/2015,Stacy and Denise,TRUE,,,,,
Carpenter/Washington,Washington/Sangamon,101N,1000W,15:46,0,0,null,null,null,0,0,0,0,0,0,0,null,,7/20/2015,Stacy and Denise,TRUE,,,,,
Morgan/Monroe,Morgan/Adam,100S,1000W,15:54,1,1,null,null,null,0,0,0,0,0,0,0,null,,7/20/2015,Stacy and Denise,TRUE,,,,,
Madison/Sangamon,Sangamon/Monroe,1S,900W,16:08,0,0,null,null,null,0,0,0,0,0,0,0,null,,7/20/2015,Stacy and Denise,TRUE,,,,,
Adam_and_Peoria,Peoria/Jackson,200S,900W,16:15,1,1,null,null,null,0,0,0,0,0,0,0,null,,7/20/2015,Stacy and Denise,FALSE,,,,,
Peoria/Jackson,Peoria/Van_Buren,300S,900W,16:20,1,1,null,null,null,0,0,0,0,0,0,0,null,,7/20/2015,Stacy and Denise,FALSE,,,,,
Fargo/Hoyne,Fargo/Seeley,7300N,2100W,15:04,0,0,null,null,null,2,0,0,0,0,0,0,null,,7/21/2015,Alison/Ben,TRUE,,,,,
Fargo/Seeley,Fargo/Damen,7400N,2100W,15:05,0,0,null,null,null,3,0,0,0,0,0,0,null,,7/21/2015,Alison/Ben,TRUE,,,,,
Damen/Fargo,Damen/Jarvis,7300N,2000W,15:07,0,0,null,null,null,2,0,0,0,0,0,0,null,,7/21/2015,Alison/Ben,TRUE,,,,,
Damen/Fargo,Damen/Birchwood,7400N,2000W,15:13,0,0,null,null,null,0,0,0,0,0,0,0,null,,7/21/2015,Alison/Ben,TRUE,,,,,
Winchester/Birchwood,Winchester/Howard,7600N,1900W,15:16,2,0,null,null,null,0,0,0,0,0,0,0,null,,7/21/2015,Alison/Ben,TRUE,,,,,
Birchwood/Western,Birchwood/Claremont,7400N,2400W,14:18,0,0,null,null,null,0,0,0,0,0,0,0,null,,7/21/2015,Alison/Ben,TRUE,,,,,
Jarvis/Claremont,Jarvis/Western,7300N,2400W,14:20,0,0,null,null,null,1,0,0,0,0,0,0,null,,7/21/2015,Alison/Ben,TRUE,,,,,
Jarvis/Oakley,Dead_End,7350N,2300W,14:27,0,0,null,null,null,2,0,0,0,0,0,0,null,,7/21/2015,Alison/Ben,TRUE,,,,,
Hamilton/Chase,Dead_End,7300N,2100W,14:33,0,0,null,null,null,0,0,0,0,0,0,0,null,,7/21/2015,Alison/Ben,TRUE,,,,,
Oakley/Birchwood,Oakley/Howard,7600N,2300W,14:40,0,0,null,null,null,0,0,0,0,0,0,0,null,,7/21/2015,Alison/Ben,TRUE,,,,,
Bell/Howard,Dead_End,7600N,2100W,14:42,0,1,null,null,null,0,0,0,0,0,0,0,null,,7/21/2015,Alison/Ben,TRUE,,,,,
Ridge/Birchwood,Ridge/Fargo,7400N,2100W,14:49,0,0,null,null,null,1,0,1,0,0,0,0,null,,7/21/2015,Alison/Ben,TRUE,,,,,
Ridge/Fargo,Ridge/Jarvis,7500N,2100W,14:54,0,0,null,null,null,0,0,0,0,0,0,0,null,,7/21/2015,Alison/Ben,TRUE,,,,,
Oakley/Jarvis,Oakley/Birchwood,7400N,2300W,14:58,0,0,null,null,null,0,0,0,0,0,0,0,null,,7/21/2015,Alison/Ben,TRUE,,,,,
Winchester/Ainslie,Winchester/Argyle,5000N,1900W,9:32,0,0,null,null,null,0,1,0,2,0,0,0,null,,7/21/2015,Alison/Ben,TRUE,,,,,
Argyle/Winchester,Argyle/Wolcott,5000N,1800W,9:35,0,0,null,null,null,0,1,0,0,0,0,0,null,,7/21/2015,Alison/Ben,TRUE,,,,,
Wolcott/Winona,Wolcott/Foster,5200N,1800W,9:40,0,0,null,null,null,0,0,0,2,0,0,0,null,,7/21/2015,Alison/Ben,TRUE,,,,,
Carmen/Ashland,Carmen/Paulina,5100N,1600W,9:51,0,0,null,null,null,1,2,0,2,2,0,0,null,,7/21/2015,Alison/Ben,TRUE,,,,,
Winnemac/Ravenswood,Winnemac/Ravenswood,5000N,1700W,10:00,0,0,null,null,null,0,2,0,0,0,0,0,null,,7/21/2015,Alison/Ben,TRUE,,,,,
Winnemac/Hermitage,Winnemac/Paulina,5300N,1650W,10:04,0,0,null,null,null,0,0,0,0,0,0,0,null,,7/21/2015,Alison/Ben,TRUE,,,,,
Hermatige/Ainslie,Hermatige/Lawrence,4900N,1700W,10:12,0,1,null,null,null,1,0,1,0,0,0,2,null,,7/21/2015,Alison/Ben,TRUE,,,,,
Magnolia/Argyle,Magnolia/Gunnison,4800N,1200W,10:30,0,0,null,null,null,2,1,0,0,1,0,0,null,,7/21/2015,Alison/Ben,TRUE,,,,,
Ainslie/Magnolia,Ainslie/Broadway,4800N,1200W,10:32,0,0,null,null,null,0,0,0,0,0,0,0,null,,7/21/2015,Alison/Ben,TRUE,,,,,
Glenwood/Argyle,Dead_End,1300W,4900N,10:38,0,0,null,null,null,0,0,0,0,0,0,0,null,,7/21/2015,Alison/Ben,TRUE,,,,,
Winnemac/Glenwood,Winnemac/Glenwood,5000N,1400W,10:42,0,0,null,null,null,0,0,0,0,0,0,0,null,,7/21/2015,Alison/Ben,TRUE,,,,,
Winona/Lakewood,Winona/Broadway,5100N,1200W,10:48,0,0,null,null,null,1,0,0,4,0,0,0,null,,7/21/2015,Alison/Ben,TRUE,,,,,
Winona/Broadway,Winona/Kenmore,5200N,1200W,10:54,1,1,null,null,null,0,0,0,0,0,0,1,null,,7/21/2015,Alison/Ben,TRUE,,,,,
Glenwood/Foster,Glenwood/Berwyn,5200N,1400W,11:06,0,2,null,null,null,2,0,0,1,0,0,0,null,,7/21/2015,Alison/Ben,TRUE,,,,,
Olive/Glenwood,Olive/Clark,5200N,1200W,11:18,6,1,null,null,null,0,1,0,0,0,0,0,null,,7/21/2015,Alison/Ben,TRUE,,,,,
Olive/Ashland,Olive/Hermatige,5300N,1600W,11:24,2,0,null,null,null,0,1,1,1,1,0,0,null,,7/21/2015,Alison/Ben,TRUE,,,,,
Rosehill/Paulina,Rosehill/Ashland,5800N,1600W,11:30,0,0,null,null,null,0,0,0,0,0,0,0,null,,7/21/2015,Alison/Ben,TRUE,,,,,
Rosehill/Paulina,Rosehill/Ashland,5800N,1600W,11:38,0,0,null,null,null,0,0,0,0,0,0,0,null,,7/21/2015,Alison/Ben,TRUE,,,,,
Glenwood/Norwood,Glenwood/Elmdale,6100N,1400W,11:53,0,1,null,null,null,2,0,0,0,0,0,0,null,,7/21/2015,Alison/Ben,TRUE,,,,,
Thorndale/Lakewood,Thorndale/Magnolia,5900N,1300W,12:01,0,0,null,null,null,0,0,0,0,0,0,0,null,,7/21/2015,Alison/Ben,TRUE,,,,,
Thorndale/Broadway,Thorndale/Winthrop,5900N,1100W,13:03,0,0,null,null,null,1,0,0,0,0,0,0,null,,7/21/2015,Alison/Ben,TRUE,,,,,
Ardmore/Kenmore,Ardmore/Sheridan,5800N,1000W,13:09,0,0,null,null,null,0,0,0,0,0,0,0,null,,7/21/2015,Alison/Ben,TRUE,,,,,
Winthrop/Hollywood,Winthrop/BrynMawr,5600N,1200W,13:16,0,1,null,null,null,4,3,0,0,0,0,0,null,,7/21/2015,Alison/Ben,TRUE,,,,,
BrynMawr/Sheridan,BrynMawr/LakeShore,5400N,1000W,13:20,0,0,null,null,null,0,0,0,0,0,0,0,null,,7/21/2015,Alison/Ben,TRUE,,,,,
Catalpa/Kenmore,Catalpa/Sheidan,5500N,1000W,13:28,0,0,null,null,null,1,0,0,0,0,0,0,null,,7/21/2015,Alison/Ben,TRUE,,,,,
Balmoral/Kenmore,Balmoral/Winthrop,5300N,1100W,13:30,0,0,null,null,null,0,0,0,0,0,0,0,null,,7/21/2015,Alison/Ben,TRUE,,,,,
Balmoral/Winthrop,Balmoral/Broadway,5300N,1000W,13:34,0,0,null,null,null,0,0,0,0,0,0,0,null,,7/21/2015,Alison/Ben,TRUE,,,,,
Lawndale/85th_Pl,Lawndale/85th,8500S,3700W,11:27,0,0,null,null,null,0,0,0,0,0,0,0,null,,7/21/2015,Abisola/Anthony,TRUE,,,,,
84th/Hamlin,84th/Springfield,8400S,3800W,11:44,0,4,null,null,null,0,0,0,0,0,0,0,null,,7/22/2015,Abisola/Anthony,TRUE,,,,,
Karlov/86th,Kedvale/86th,8600S,4100W,12:02,0,0,null,null,null,0,0,0,0,0,0,0,null,,7/22/2015,Abisola/Anthony,TRUE,,,,,
87th/Tripp,86th/Tripp,8700S,4200W,12:09,2,2,null,null,null,0,3,0,0,0,0,0,null,,7/22/2015,Abisola/Anthony,TRUE,,,,,
84th/Kolin,83rd/Kolin,8400S,4300W,12:20,1,1,null,null,null,0,0,0,0,0,0,0,null,,7/22/2015,Abisola/Anthony,TRUE,,,,,
84th/Kildare,83rd/Kildare,8400S,4300W,12:25,2,2,null,null,null,0,0,0,0,0,0,0,null,,7/22/2015,Abisola/Anthony,TRUE,,,,,
83rd_Pl/Scottsdale,83rd_Pl/Kolmar,8300S,4600W,12:28,1,0,null,null,null,0,0,0,0,0,0,0,null,,7/22/2015,Abisola/Anthony,TRUE,,,,,
83rd_Pl/Kolmar,84th_Pl/Komar,8400S,4600W,12:41,1,0,null,null,null,0,0,0,0,0,0,0,null,,7/22/2015,Abisola/Anthony,TRUE,,,,,
84th_Pl/Kenton,83rd_Pl/Kenton,8400S,4600W,12:47,1,0,null,null,null,0,1,0,2,0,0,0,null,,7/22/2015,Abisola/Anthony,TRUE,,,,,
Kilpatrick/83rd_Pl,Kilpatrick/83rd,8300S,4700W,12:56,0,0,null,null,null,0,0,0,0,0,0,0,null,,7/22/2015,Abisola/Anthony,TRUE,,,,,
Kilpatrick/82nd_Pl,Kilpatrick/82nd,8200S,4700W,13:00,0,0,null,null,null,0,0,0,0,0,0,0,null,,7/22/2015,Abisola/Anthony,TRUE,,,,,
Kilpatrick/Scottsdale,Knox/Scottsdale,8100S,4600W,13:04,0,0,null,null,null,0,0,0,0,0,0,0,null,,7/22/2015,Abisola/Anthony,TRUE,,,,,
Kilpatrick/Scottsdale,Kilpatrick/79th,7900S,4600W,13:12,2,1,null,null,null,0,1,0,0,0,0,0,null,,7/22/2015,Abisola/Anthony,TRUE,,,,,
79th/Kilbourn,77th_Pl/Kilbourn,7800S,4500W,14:53,3,3,null,null,null,0,0,0,0,0,0,0,null,,7/22/2015,Abisola/Anthony,TRUE,,,,,
Kenneth/77th_Pl,77th_Pl/Kostner,7700S,4400W,15:02,2,3,null,null,null,0,0,0,0,0,0,0,null,,7/22/2015,Abisola/Anthony,TRUE,,,,,
77th_Pl/Kostner,79th/Kostner,7800S,4400W,15:05,6,2,null,null,null,0,0,0,0,0,0,0,null,,7/22/2015,Abisola/Anthony,TRUE,,,,,
80th/79th_Pl,81st/79th_Pl,8000S,4400W,15:46,0,0,null,null,null,0,0,0,0,0,0,0,null,,7/22/2015,Abisola/Anthony,TRUE,,,,,
81st/Kildare,82nd_Pl/Kildare,8100S,4300W,16:00,0,0,null,null,null,0,0,0,0,0,0,0,null,,7/22/2015,Abisola/Anthony,TRUE,,,,,
82nd_Pl/Tripp,Crestline/Tripp,8200S,4200W,16:06,0,0,null,null,null,0,1,0,0,0,0,0,null,,7/22/2015,Abisola/Anthony,TRUE,,,,,
Crestline/Tripp,Crestline/82nd,8100S,4100W,16:16,2,2,null,null,null,0,0,0,0,0,0,0,null,,7/22/2015,Abisola/Anthony,TRUE,,,,,
82nd/Crestline,82ndPl/82nd,8200S,4100W,16:28,0,0,null,null,null,0,0,0,0,0,0,0,null,,7/22/2015,Abisola/Anthony,TRUE,,,,,
82nd_Pl/Kedvale,82nd_Pl/81st_Pl,8100S,4000W,16:35,3,2,null,null,null,0,0,0,0,0,0,0,null,,7/22/2015,Abisola/Anthony,TRUE,,,,,
80th_Pl/79th_Pl,Kedvale/80th_Pl,8000S,4200W,16:57,0,0,null,null,null,0,0,0,0,0,0,0,null,,7/22/2015,Abisola/Anthony,TRUE,,,,,
78th/Hamlin,78th/Ridgeway,7800S,3800W,17:17,0,0,null,null,null,0,0,0,0,0,0,0,null,,7/22/2015,Abisola/Anthony,TRUE,,,,,
78th/Ridgeway,78th/Reilly,7800S,3700W,17:22,1,2,null,null,null,0,0,0,0,0,0,0,null,,7/22/2015,Abisola/Anthony,TRUE,,,,,
Keeler/77th_Pl,78th/Keeler,7800S,4200W,17:46,0,0,null,null,null,0,0,0,0,0,0,0,null,,7/22/2015,Abisola/Anthony,TRUE,,,,,
23rd/Christina,Homan/Christina,2300S,3300W,10:16,0,0,null,null,null,0,0,0,0,0,0,0,null,,7/24/2015,Gustavo/Danica,TRUE,,,,,
25th/Homan,26th/Homan,2500S,3300W,10:29,0,0,null,null,null,0,0,0,0,1,0,0,null,,7/24/2015,Gustavo/Danica,FALSE,,,,,
26th/Homan,27th/Homan,2600S,3300W,10:34,0,0,null,null,null,1,0,0,1,0,0,0,null,,7/24/2015,Gustavo/Danica,TRUE,,,,,
30th/Trumbull,28th/Trumbull,2800S,3400W,11:31,0,0,null,null,null,0,1,0,1,0,0,0,null,,7/24/2015,Gustavo/Danica,TRUE,,,,,
St._Louis/28th,Drake/28th,2800S,3500W,11:38,0,0,null,null,null,0,0,0,0,0,0,0,null,,7/24/2015,Gustavo/Danica,TRUE,,,,,
MIllard/27th,Lawndale/27th,2700S,3600W,11:54,0,0,null,null,null,0,0,0,0,0,0,1,null,,7/24/2015,Gustavo/Danica,TRUE,,,,,
Avers/27th,Springfield/27th,2700S,3800W,12:01,0,0,null,null,null,0,0,0,0,0,0,1,null,,7/24/2015,Gustavo/Danica,FALSE,,,,,
Springfield/27th,Harding/27th,2700S,3900W,12:04,0,0,null,null,null,0,0,0,0,0,0,0,null,,7/24/2015,Gustavo/Danica,FALSE,,,,,
27th/Karlov,26/Karlov,2600S,4000W,12:10,0,1,null,null,null,0,0,0,1,0,0,0,null,,7/24/2015,Gustavo/Danica,TRUE,,,,,
26th/Kildare,25th_Pl/Kildare,2500S,4300W,12:18,0,0,null,null,null,0,0,0,0,1,0,0,null,,7/24/2015,Gustavo/Danica,TRUE,,,,,
Kildare/25th,Keeler/25th,2500S,4200W,12:27,0,0,null,null,null,0,0,0,0,0,0,0,null,,7/24/2015,Gustavo/Danica,TRUE,,,,,
Keeler/25th,Pulaski/25th,2500S,4100W,12:32,0,0,null,null,null,0,0,0,2,1,0,0,null,,7/24/2015,Gustavo/Danica,FALSE,,,,,
Pulaski/25th,Springfield/25th,2500S,3900W,12:53,0,0,null,null,null,0,0,0,1,1,1,0,null,,7/24/2015,Gustavo/Danica,TRUE,,,,,
25th/Harding,24th/Harding,2400S,3900W,12:54,0,0,null,null,null,0,1,0,1,0,0,0,null,,7/24/2015,Gustavo/Danica,TRUE,,,,,
Avers/25th,Hamlin/25th,2500S,3800W,13:03,1,0,null,null,null,1,0,0,0,0,0,0,null,,7/24/2015,Gustavo/Danica,TRUE,,,,,
24th/Ridgeway,23rd/Ridgeway,2300S,3700W,13:09,0,0,null,null,null,0,0,0,2,0,0,0,null,,7/24/2015,Gustavo/Danica,TRUE,,,,,
23rd/Hamlin,24th/Hamlin,2300S,3800W,13:13,1,1,null,null,null,0,1,0,1,1,0,0,null,,7/24/2015,Gustavo/Danica,TRUE,,,,,
Cermak/Avers,Dead_End,2200S,3800W,13:25,0,0,null,null,null,0,0,0,0,0,0,0,null,,7/24/2015,Gustavo/Danica,TRUE,,,,,
Avers/18th,Hamlin/18th,1800S,3800W,14:57,0,0,null,null,null,0,0,0,0,0,0,0,null,,7/24/2015,Gustavo/Danica,TRUE,,,,,
St_Louis/18th,Trumbull/18th,1800S,3400W,15:13,0,0,null,null,null,0,0,0,0,3,0,0,null,,7/24/2015,Gustavo/Danica,TRUE,,,,,
16th/Christina,15th/Christina,1500S,3300W,15:22,0,0,null,null,null,0,0,0,0,5,0,3,null,,7/24/2015,Gustavo/Danica,TRUE,,,,,
Homan/15th,Trumbull/15th,1500S,3400W,15:27,0,0,null,null,null,0,0,0,0,2,0,0,null,,7/24/2015,Gustavo/Danica,TRUE,,,,,
15th/Drake,Douglas/Drake,1400S,3500W,15:44,0,0,null,null,null,0,0,0,1,11,0,2,null,,7/24/2015,Gustavo/Danica,TRUE,,,,,
Douglas/Ridgeway,15th/Ridgeway,1400S,3700W,16:07,0,0,null,null,null,0,0,1,0,1,0,1,null,,7/24/2015,Gustavo/Danica,TRUE,,,,,
Komensky/14th,Karlov/14th,1400S,4000W,16:36,0,0,null,null,null,0,0,0,0,2,0,3,null,,7/24/2015,Gustavo/Danica,TRUE,,,,,
Kedvale/15th,Keeler/15th,1500S,4100W,16:45,0,0,null,null,null,0,0,0,2,3,0,2,null,,7/24/2015,Gustavo/Danica,TRUE,,,,,
Keeler/14th,Tripp/14th,1400S,4200W,16:50,0,0,null,null,null,0,0,0,0,2,0,0,null,,7/24/2015,Gustavo/Danica,TRUE,,,,,
Komensky/19th,Pulaski/19th,1900S,4000W,17:15,0,0,null,null,null,0,0,0,0,0,2,0,null,,7/24/2015,Gustavo/Danica,TRUE,,,,,
Moody/53rd,Moody/52nd,5300S,6130W,9:45,2,0,null,0,7,0,3,0,1,0,0,0,null,,7/27/2015,Radha/Gustavo,TRUE,,,,,
Moody/52nd,Meade/52nd,5100S,6100W,9:51,0,0,null,0,0,0,0,0,0,0,0,0,null,,7/27/2015,Radha/Gustavo,TRUE,,,,,
Meade/52nd,Meade/51st ,5150S,6100W,9:53,2,0,null,0,4,0,0,0,0,0,0,0,null,,7/27/2015,Radha/Gustavo,TRUE,,,,,
Mason/51st,Mason/52nd,5100S,5960W,10:03,0,0,null,2,5,0,2,0,1,0,0,0,null,,7/27/2015,Radha/Gustavo,TRUE,,,,,
Mason/52nd,Mayfield/52nd,5200S,5930W,10:05,0,0,null,0,1,1,0,0,0,0,0,0,null,,7/27/2015,Radha/Gustavo,FALSE,,,,,
Mayfield/52nd,Mayfield/51st,5200S,5900W,10:13,0,0,null,3,9,0,1,0,0,0,0,0,null,,7/27/2015,Radha/Gustavo,TRUE,,,,,
Monitor/51st,Monitor/52nd,5100S,5880W,10:20,0,0,null,2,3,0,1,0,0,0,0,0,null,,7/27/2015,Radha/Gustavo,TRUE,,,,,
Monitor/52nd,Monitor/53rd,5200S,5830W,10:26,0,0,null,3,5,0,1,0,0,0,0,0,null,,7/27/2015,Radha/Gustavo,TRUE,,,,,
Menard/53rd,Menard/52nd,5300S,5800W,10:32,1,0,null,1,5,0,0,0,0,0,0,1,null,,7/27/2015,Radha/Gustavo,TRUE,,,,,
,,,,,,,null,,,,,,,,,,null,Menard/53rd to Massasoit/52nd (photo),7/27/2015,Radha/Gustavo,,,,,,
,,,,,,,null,,,,,,,,,,null,52nd/Menard to Monitor/52nd (photo),7/27/2015,Radha/Gustavo,,,,,,
,,,,,,,null,,,,,,,,,,null,52nd/Monitor to Mayfield/52nd (photo),7/27/2015,Radha/Gustavo,,,,,,
,,,,,,,null,,,,,,,,,,null,Mason/52nd to Austin/52nd (photo),7/27/2015,Radha/Gustavo,,,,,,
Merrimac/52nd,Merrimac/51st,5200S,6230W,10:56,1,0,null,1,1,0,0,0,0,0,0,0,null,,7/27/2015,Radha/Gustavo,TRUE,,,,,
,,,,,,,null,,,,,,,,,,null,Merrimac/51st to Mobile/51st (photo),,,,,,,,
Mobile/51st,Mobile/52nd,5100S,6300W,11:01,1,1,null,1,1,0,0,0,1,0,0,0,null,,7/27/2015,Radha/Gustavo,TRUE,,,,,
Mobile/52nd,Mobile/53rd,5200S,6300W,11:05,0,0,null,2,1,0,1,0,0,0,0,0,null,,7/27/2015,Radha/Gustavo,TRUE,,,,,
Narragansett/53rd,Narragansett/52nd,5300S,6400W,11:14,1,0,null,4,8,0,1,0,0,0,0,0,null,,7/27/2015,Radha/Gustavo,TRUE,,,,,
Narragansett/52nd,Narragansett/51st,5200S,6400W,11:17,0,0,null,3,3,1,0,0,0,0,0,0,null,,7/27/2015,Radha/Gustavo,FALSE,,,,,
Natchez/51st,Natchez/52nd,5100S,6500W,11:27,0,0,null,1,0,0,1,0,0,0,0,0,null,,7/27/2015,Radha/Gustavo,FALSE,,,,,
Natchez/52nd,Natchez/53rd,5200S,6500W,11:31,0,0,null,0,7,0,1,0,0,0,0,0,null,,7/27/2015,Radha/Gustavo,TRUE,,,,,
Neenah/53rd,Neenah/52nd,5300S,6530W,11:37,0,0,null,0,4,0,0,0,0,0,0,1,null,,7/27/2015,Radha/Gustavo,TRUE,,,,,
Neenah/52nd,Neenah/51st,5200S,6530W,11:41,0,0,null,1,5,0,1,0,0,0,0,0,null,,7/27/2015,Radha/Gustavo,FALSE,,,,,
Nashville/51st,52nd/Nashville,5100S,6600W,11:45,1,0,null,2,5,0,0,0,0,0,0,0,null,,7/27/2015,Radha/Gustavo,TRUE,,,,,
Nashville/52nd ,Nashville/53rd,5200S,6600W,11:50,0,0,null,1,2,0,0,0,0,0,0,0,null,,7/27/2015,Radha/Gustavo,TRUE,,,,,
Oakpark/53rd,Oakpark/52nd,5300S,6800W,12:00,0,0,null,0,3,0,0,0,0,0,0,0,null,,7/27/2015,Radha/Gustavo,TRUE,,,,,
Newcastle/52nd,Newcastle/51st,5200S,6830W,12:05,2,0,null,1,3,0,1,0,0,0,0,0,null,,7/27/2015,Radha/Gustavo,TRUE,,,,,
,,,,,,,null,,,,,,,,,,null,,7/27/2015,Radha/Gustavo,,,,,,
Spaulding/46th,Spaulding/45th,4600S,3300W,13:47,1,1,2,0,2,0,1,0,0,0,0,0,0,,7/27/2015,Radha/Denise,TRUE,,,,,
,,,,,,,null,,,,,,,,,,null,Kedzie/43rd to Sawyer/43rd (photo) (14:04pm),7/27/2015,Radha/Denise,,,,,,
Kedzie/42nd,Albany/42nd,4200S,3140W,14:08,8,2,null,0,1,0,0,0,0,0,0,2,null,,7/27/2015,Radha/Denise,TRUE,,,,,
Montgomery/Archer,Montgomery/Rockwell,4000S,2800W,14:30,1,2,null,3,2,1,0,0,0,0,0,1,null,,7/27/2015,Radha/Denise,TRUE,,,,,
Montgomery/Rockwell,Brighton/Rockwell,4120S,2610W,14:37,0,1,null,0,1,0,1,0,0,0,0,1,null,,7/27/2015,Radha/Denise,TRUE,,,,,
Brighton/Rockwell,Rockwell/40th,4250S,2600W,14:39,0,0,null,3,3,0,0,0,0,0,0,1,null,,7/27/2015,Radha/Denise,TRUE,,,,,
Maplewood/40th,Maplewood/42nd,4000S,2530W,14:48,0,1,null,3,9,0,0,0,0,0,0,3,null,,7/27/2015,Radha/Denise,TRUE,,,,,
,,,,,,,null,,,,,,,,,,null,Campbell/42nd to Artesian/42nd (photo),7/27/2015,Radha/Denise,,,,,,
Artesian/45th,45th/Campbell ,4440S,2430W,15:22,0,0,null,2,1,0,1,0,0,0,0,1,null,,7/27/2015,Radha/Denise,TRUE,,,,,
Rockwell/46th,Western/46th,4600S,2600W,15:34,1,1,null,4,2,0,3,0,0,0,0,4,null,,7/27/2015,Radha/Denise,TRUE,,,,,
Fairfield/45th ,Fairfield/44th,4500S,2730W,15:58,0,0,null,1,1,0,0,0,0,1,0,1,null,,7/27/2015,Radha/Denise,TRUE,,,,,
Francisco/45th,Francisco/44th,4500S,2900W,16:20,3,0,null,0,3,0,0,0,0,0,0,0,null,,7/27/2015,Radha/Denise,TRUE,,,,,
Richmond/46th ,Richmond/45th,4600S,2930W,16:33,0,1,null,0,6,0,2,0,0,0,0,0,null,,7/27/2015,Radha/Denise,TRUE,,,,,
,,,,,,,null,,,,,,,,,,null,Richmond/45th to Whipple/45th (photo),7/27/2015,Radha/Denise,,,,,,
Whipple/45th,Whipple/44th,4500S,3020W,16:42,2,3,null,1,1,0,0,0,0,0,0,0,null,,7/27/2015,Radha/Denise,TRUE,,,,,
,,,,16:50,,,null,,,,,,,,,,null,Albany/45th to to Troy/45th (photo),7/27/2015,Radha/Denise,,,,,,
78th/Carpenter,78th/Aberdeen,7800S,1000W,9:41,1,0,11,0,0,0,0,0,0,0,0,0,0,,7/28/2015,Abisola/Ben,TRUE,,,,,
79th/Throop,80th/Throop,7950S,1300W,9:47,3,0,0,0,6,1,0,0,0,2,0,2,0,,7/28/2015,Abisola/Ben,TRUE,,,,,
Ada/78th,Ada/77th,7750S,1400W,9:59,2,2,1,0,3,1,0,0,0,5,0,3,0,,7/28/2015,Abisola/Ben,TRUE,,,,,
Loomis/77th,Loomis/78th,7750S,1500W,10:12,1,1,0,0,6,2,1,0,0,0,0,0,0,,7/28/2015,Abisola/Ben,TRUE,,,,,
Laflin/79th,Laflin/80th,7950S,1550W,10:20,5,3,1,0,6,2,0,0,1,0,0,1,0,,7/28/2015,Abisola/Ben,TRUE,,,,,
Hamilton/78th,Hamilton/77th,7750S,2200W,10:30,3,3,0,0,18,0,0,0,0,0,0,0,0,,7/28/2015,Abisola/Ben,TRUE,,,,,
77th/Hamilton,DeadEnd,7700S,2200W,10:57,1,2,0,0,5,0,0,0,0,0,0,0,0,,7/28/2015,Abisola/Ben,TRUE,,,,,
Oakley/80th,Oakley/81stPl,8000S,2350W,11:01,0,2,0,0,0,0,0,0,0,0,0,0,0,,7/28/2015,Abisola/Ben,TRUE,,,,,
81st/Oakley,81st/81st,8100S,2350W,11:17,2,1,0,0,6,0,0,0,0,0,0,0,0,,7/28/2015,Abisola/Ben,TRUE,,,,,
82nd/Winchester,82nd/Wolcott,8200S,1800W,11:27,2,1,0,0,2,0,0,0,0,0,0,0,0,,7/28/2015,Abisola/Ben,TRUE,,,,,
Wolcott/82nd,Wolcott/80th,8200S,1800W,12:16,0,2,0,0,9,0,1,1,1,1,0,0,0,,7/28/2015,Abisola/Ben,TRUE,,,,,
Hermitage/80th,Hermitage/79th,7950S,1700W,12:20,3,1,0,0,4,1,0,0,0,0,0,1,0,,7/28/2015,Abisola/Ben,TRUE,,,,,
81st/Paulina,81st/Hermitage,8100S,1700W,12:42,1,0,1,1,4,1,0,0,0,0,0,1,0,,7/28/2015,Abisola/Ben,TRUE,,,,,
Marshfield/81st,Marshfield/82nd,8150S,1600W,12:46,2,1,0,1,4,2,1,0,1,0,0,1,0,,7/28/2015,Abisola/Ben,TRUE,,,,,
Paulina/82nd,Paulina/83rd,8250S,1700W,12:59,6,6,0,1,7,0,0,0,0,0,0,1,0,,7/28/2015,Abisola/Ben,TRUE,,,,,
Justine/84th,Justine/85th,8450S,1500W,13:59,0,0,0,0,5,0,0,0,0,1,0,0,0,,7/28/2015,Abisola/Ben,TRUE,,,,,
85th/Ada,85th/Elizabeth,8500S,1400W,14:10,0,0,0,0,0,0,0,0,0,0,0,0,0,,7/28/2015,Abisola/Ben,TRUE,,,,,
86/Aberdeen,86/May,8600S,1100W,14:21,0,0,0,0,2,0,0,0,0,0,0,0,0,,7/28/2015,Ben/Abisola,TRUE,,,,,
Laflin/87,Laflin/88,8800S,1500W,14:35,1,1,0,1,3,0,1,0,0,1,0,1,0,,7/28/2015,Ben/Abisola,TRUE,,,,,
88/Laflin,88/Justine,8800S,1500W,14:38,0,0,0,0,2,0,0,0,0,0,0,0,0,,7/28/2015,Ben/Abisola,TRUE,,,,,
89/Paulina,89/Hermitage,8900S,1700W,14:52,0,1,0,0,1,0,0,0,0,0,0,0,0,,7/28/2015,Ben/Abisola,TRUE,,,,,
88/Honore,88/Winchester,8800S,1800W,14:58,0,0,0,0,0,0,0,0,0,0,0,0,0,,7/28/2015,Ben/Abisola,TRUE,,,,,
Honore/86,Honore/87,8500S,1800W,15:03,2,3,1,1,7,0,0,0,0,0,0,0,0,,7/28/2015,Ben/Abisola,TRUE,,,,,
86/Honore,86/Wolcott,8600S,1800W,15:06,0,0,0,0,0,0,0,0,0,0,0,0,0,,7/28/2015,Ben/Abisola,TRUE,,,,,
Honore/85,Honore/86,8500S ,1800W ,15:10,0,0,0,1,5,0,0,0,0,0,0,0,0,Park on one side of street,7/28/2015,Ben/Abisola,TRUE,,,,,
Winchester/85,Winchester/86,8500S,1900W,15:15,0,0,0,0,14,0,0,0,0,0,0,0,0,,7/28/2015,Ben/Abisola,TRUE,,,,,
85/Hamilton,85/Hoyne,8500S,2100W,15:25,0,0,0,0,1,0,0,0,0,1,0,0,0,One side was vacant lot,7/28/2015,Ben/Abisola,TRUE,,,,,
Leavitt/89,Leavitt/90,8900S,2100W,16:25,0,0,0,0,3,0,0,0,0,0,0,0,0,,7/28/2015,Ben/Abisola,TRUE,,,,,
Evergreen/Washtenaw,Hirsch/Washtenaw,1400N,2700W,9:30,0,0,0,0,1,0,0,0,0,0,0,0,0,,7/29/2015,Anthony/Danica,TRUE,,,,,
Wabansia/Artesian,Bloomingdale/Artesian,1700N,2400W,9:49,0,1,0,4,7,0,1,0,2,0,0,0,0,,7/29/2015,Anthony/Danica,TRUE,,,,,
Talman/Bloomingdale,Washtenaw/Bloomingdale,1700N,2600W,10:01,0,0,0,0,0,0,0,0,0,0,0,0,0,,7/29/2015,Anthony,TRUE,,,,,
Bloomingdale/Whipple,Cortland/Whipple,1800N,3000W,10:16,0,0,0,3,1,0,2,0,0,1,0,0,0,,7/29/2015,Anthony/Danica,TRUE,,,,,
Whipple/Cortland,Albany/Cortland,1900N,3000W,10:21,0,0,0,0,0,0,0,0,0,0,0,0,0,,7/29/2015,Anthony/Danica,TRUE,,,,,
Fairfield/Cortland,Washtenaw/Cortland,1900N,2700W,10:34,0,0,0,0,2,0,1,0,0,1,0,0,0,,7/29/2015,Anthony/Danica,TRUE,,,,,
Western/Winnebago,Moffat/Winnebago,1800N,2300W,10:57,0,0,0,0,0,0,0,0,0,1,0,0,0,,7/29/2015,Anthony/Danica,TRUE,,,,,
Hoyne/Moffat,Damen/Moffat,1800N,2000W,11:16,0,0,0,1,7,0,1,0,1,0,0,0,0,,7/29/2015,Anthony/Danica,TRUE,,,,,
Armitage/Oakley,McLean/Oakley,2000N,2300W,11:34,0,0,0,0,1,0,1,0,1,0,0,0,0,,7/29/2015,Anthony/Danica,TRUE,,,,,
Milwaukee/Campbell,Charleston/Campbell,2000N,2500W,11:44,0,0,0,0,1,0,0,0,0,0,0,0,0,,7/29/2015,Anthony/Danica,TRUE,,,,,
Campbell/Shakespeare,Maplewood/Shakespeare,2100N,2500W,11:55,0,0,0,2,2,0,0,0,0,0,0,0,0,,7/29/2015,Anthony/Danica,TRUE,,,,,
Belden/Maplewood,Medill/Maplewood,2300N,2500W,11:59,0,0,0,1,2,0,0,0,0,0,0,0,0,,7/29/2015,Anthony/Danica,TRUE,,,,,
Campbell/Medill,Western/Medilll,2300N,2400W,12:04,0,0,0,0,2,0,1,0,0,0,0,1,0,,7/29/2015,Anthony/Danica,TRUE,,,,,
Altgeld/Campbell,Logan/Campbell,2500N,2500W,13:12,0,0,0,0,5,0,0,0,1,0,0,0,0,,7/29/2015,Anthony/Danica,TRUE,,,,,
Fullerton/Talman,Medill/Talman,2300N,2600W,13:27,0,0,0,0,1,0,0,0,0,0,0,0,0,,7/29/2015,Anthony/Danica,TRUE,,,,,
Medill/Washtenaw,Belden/Washtenaw,2300N,2700W,13:32,0,0,0,0,1,0,0,0,0,0,0,0,0,,7/29/2015,Anthony/Danica,TRUE,,,,,
Milwaukee/St_Georges_Ct,California/St_Georges_Ct,2200N,2700W,13:38,0,0,0,1,0,0,0,0,0,0,0,0,0,,7/29/2015,Anthony/Danica,TRUE,,,,,
Milwaukee/Belden,Sacremento/Belden,2300N,2900W,13:56,0,0,1,2,7,0,1,0,0,0,0,1,0,,7/29/2015,Anthony/Danica,TRUE,,,,,
Fullerton/Kedzie,Albany/Kedzie,2400N,3100W,14:22,0,1,0,0,2,0,1,0,0,0,0,0,0,,7/29/2015,Anthony/Danica,TRUE,,,,,
Belden/Kedzie,Lyndale/Kedzie,2200N,3100W,2:25,0,0,1,0,0,0,0,0,0,0,0,0,0,,7/29/2015,Anthony,TRUE,,,,,
Kilbourn/Parker,Kenton/Parker,2700N,4500W,15:17,0,1,2,5,4,0,0,0,0,0,0,2,0,,7/29/2015,Anthony/Danica,TRUE,,,,,
Kenton/Wrightwood,Kilbourn/Wrightwood,2500N,4500W,3:20,0,0,1,2,3,0,0,0,0,0,0,0,0,,7/29/2015,Anthony,TRUE,,,,,
Cicero/Wrightwood,Lamon/Wrightwood,2600N,4800W,15:38,2,2,1,2,2,1,0,0,0,1,0,0,0,,7/29/2015,Anthony/Danica,TRUE,,,,,
Wrightwood/Lavergne,Drummond_Pl/Lavergne,2600N,5000W,15:46,0,0,0,0,0,0,0,0,0,0,0,0,0,,7/29/2015,Anthony/Danica,TRUE,,,,,
Parker/Lavergne,Diversey/Lavergne,2700N,5000W,15:52,0,0,0,0,1,0,0,0,0,0,0,0,0,,7/29/2015,Anthony/Danica,TRUE,,,,,
Lockwood/Parker,Long/Parker,2700N,5300W,4:04,0,0,1,0,5,1,1,0,0,1,0,0,0,,7/29/2015,Anthony/Danica,TRUE,,,,,
Long/Shubert,Linder/Shubert,2700N,5400W,4:14,5,0,0,1,3,0,1,0,0,0,0,0,0,,7/29/2015,Anthony/Danica,TRUE,,,,,
Patterson/Kilpatrick,Patterson/Cicero,3600 N,4700E,9:49,0,0,0,3,2,0,0,0,1,0,0,0,0,Street was disconnected from Cicero,7/30/2015,Stacy/Forest,TRUE,,,,,
Patterson/Cicero,Patterson/Lamon,3650 N,4800 W,9:57,1,2,0,0,2,0,3,0,0,0,0,0,0,16 Potholes were filled,7/30/2015,Stacy/Forest,TRUE,,,,,
Warwick/Cicero,Warwick/Lamon,3720 N,4800 W,10:06,0,0,0,0,1,0,0,0,0,0,0,0,0,,7/30/2015,Stacy/Forest,TRUE,,,,,
Patterson/Lamon,Patterson/Addison,3600 N,4900 W,10:17,0,0,0,0,0,0,0,0,0,0,0,0,0,,7/30/2015,Stacy/Forest,TRUE,,,,,
Roscoe/Cicero,Roscoe/Lamon,3350 N,4800 W,10:27,0,0,0,3,1,0,0,0,0,0,0,0,0,,7/30/2015,Stacy/Forest,TRUE,,,,,
Roscoe/Lamon,Roscoe/Henderson,3360 N,4900 W,10:30,0,0,0,1,0,0,0,0,0,0,0,0,0,,7/30/2015,Stacy/Forest,TRUE,,,,,
Roscoe/LeClaire,Roscoe/Laramie,3360 N,5100 W,10:39,0,3,0,0,2,0,0,0,0,0,0,0,0,,7/30/2015,Stacy/Forest,TRUE,,,,,
Newport/Lockwood,Lockwood/Cornelia,3400 N,5300 W,10:47,0,0,0,0,1,0,0,0,0,0,0,0,0,,7/30/2015,Stacy/Forest,TRUE,,,,,
Linder/Henderson,Henderson/Central,3330 N,5500 W,10:59,0,0,0,0,3,0,0,0,1,0,0,0,0,,7/30/2015,Stacy/Forest,TRUE,,,,,
Long/Belmont,Long/Lockwood,2900 N,5300 W,11:15,1,0,0,0,0,0,1,1,0,0,0,0,0,,7/30/2015,Stacy/Forest,TRUE,,,,,
Wellington/Long,Wellington/Lockwood,2960 N,5350 W,11:21,0,0,0,0,0,0,1,1,0,0,0,0,0,,7/30/2015,Stacy/Forest,TRUE,,,,,
Long/George,George/Lockwood,2800 N,5370 W,11:28,0,0,0,0,1,0,0,0,0,0,0,0,0,,7/30/2015,Stacy/Forest,TRUE,,,,,
George/Linder,Linder/Diversey,2800 N,5400 W,11:36,0,1,0,0,5,1,0,0,0,0,0,0,0,,7/30/2015,Stacy/Forest,TRUE,,,,,
Wolfram/Lockwood,Wolfram/Laramie,2820 N,5200 W,11:45,0,0,0,0,4,1,0,0,0,0,0,0,0,,7/30/2015,Stacy/Forest,TRUE,,,,,
Wolfram/Leclaire,Leclaire/George,2900 N,5000 W,11:53,0,0,0,1,0,0,0,0,0,0,0,0,0,,7/30/2015,Stacy/Forest,TRUE,,,,,
Lavergne/Wellington,Lavergne/Oakdale,2960 N,4900 W,12:00,0,0,0,0,0,0,0,0,0,0,0,0,0,,7/30/2015,Stacy/Forest,TRUE,,,,,
Lavergne/George,Lavergne/Wolfram,2800 N,5000 W,12:03,0,0,0,0,0,0,0,0,0,0,0,0,0,,7/30/2015,Stacy/Forest,TRUE,,,,,
Keating/Wellington,Wellington/Kilpatrick,3000 N,4700 W,12:18,0,0,0,0,0,0,0,0,0,0,0,0,0,,7/30/2015,Stacy/Forest,TRUE,,,,,
Kilbourn/Wellington,Wellington/Kenneth,3000 N,4400 W,13:10,0,0,0,0,0,0,0,0,0,0,0,0,0,,7/30/2015,Stacy/Forest,TRUE,,,,,
Kostner/Wellington,Wellington/Lowell,3000 N,4300 W,13:14,0,0,0,0,0,0,0,0,0,0,0,0,0,,7/30/2015,Stacy/Forest,TRUE,,,,,
Belmont/Knox,Knox/Barry,3100 N,4600 W,13:29,0,0,0,0,1,0,0,0,1,0,0,0,0,,7/30/2015,Stacy/Forest,TRUE,,,,,
Keating/Barry,Barry/Cicero,3000 N,4700 W,13:36,0,0,0,0,0,0,0,0,0,0,0,0,0,,7/30/2015,Stacy/Forest,TRUE,,,,,
Long/Carmen,Long/Foster,5050 N,5410 W,11:01,0,1,1,0,1,0,3,0,0,0,0,0,0,,8/3/2015,Radha/Denise,TRUE,,,,,
Winona/Lockwood,Winnemac/Lockwood,5110 N,5300 W ,11:09,0,2,0,0,1,0,0,0,0,0,0,0,0,,8/3/2015,Radha/Denise,TRUE,,,,,
Argyle/Lockwood ,Argyle/ Laramie,4950 N ,5300 W ,11:14,0,1,0,0,1,0,0,0,0,0,0,0,0,,8/3/2015,Radha/Denise,TRUE,,,,,
Argyle/Laramie,Laramie/Strong,4960 N ,5200 W ,11:17,0,0,0,0,0,0,0,0,0,0,0,0,0,,8/3/2015,Radha/Denise,TRUE,,,,,
Lavergne/Carmen,Lavergne/Winoa,5100 N,5000 W,11:30,0,0,0,0,0,0,0,0,0,0,0,0,0,,8/3/2015,Radha/Denise,TRUE,,,,,
Berwyn/Forest Glen,Balmoral/Forest Glen,5280 N,5000 W ,11:41,0,0,0,1,0,0,0,0,0,0,0,0,0,,8/3/2015,Radha/Denise,TRUE,,,,,
Lawler/Balmoral,Laporte/Balmoral ,5300 N,5050 W ,11:46,0,0,1,1,5,0,0,1,0,0,0,0,0,,8/3/2015,Radha/Denise,TRUE,,,,,
Gregory/Lamon,GregoryLaCrosse,5430 N ,4840 W,11:58,0,0,0,0,3,0,1,0,0,0,0,0,0,,8/3/2015,Radha/Denise,TRUE,,,,,
Lansing/Clifford,DeadEnd,5730 N ,4800 W,12:20,0,0,0,0,0,0,0,0,0,0,0,0,0,,8/3/2015,Radha/Denise,TRUE,,,,,
Lansing/Lamont,DeadEnd,5750 N,4800 W,12:27,0,0,0,0,0,0,0,0,0,0,0,0,0,,8/3/2015,Radha/Denise,TRUE,,,,,
Louise/Landers,DeadEnd,5910 N,4800 W,12:35,0,0,0,0,0,0,0,3,0,0,0,0,0,,8/3/2015,Radha/Denise,TRUE,,,,,
Kercheval/Kingsdale,Kercheval/Kerbs,5770 N,4350 W,13:49,0,0,0,0,1,0,0,3,0,0,0,0,0,,8/3/2015,Radha/Denise,TRUE,,,,,
Rogers/Kilbourn,Kilbourn/Thornsdale,5700 N,4350 W,13:59,2,1,1,1,3,0,1,7,0,0,0,0,0,help quiet chicago sign',8/3/2015,Radha/Denise,TRUE,,,,,
ForestGlen/Hiawatha,Kirkwood/Hiawatha,6000 N,4300 W,14:11,0,0,0,0,0,0,0,1,1,0,0,0,0,,8/3/2015,Radha/Denise,TRUE,,,,,
Lowell/Granville,Kildare/Granville ,6150 N,4230 W ,14:36,1,1,0,0,0,0,0,1,0,0,0,0,0,,8/3/2015,Radha/Denise,TRUE,,,,,
Kildare/Granville,Rosemont/Kildare ,6160 N,4300 W,14:39,1,1,0,1,2,0,0,2,0,0,0,0,0,,8/3/2015,Radha/Denise,TRUE,,,,,
Rosemont/Kildare,Tripp/Rosemont ,6160 N,4300 W,14:42,0,0,0,0,0,0,0,2,0,0,0,0,0,,8/3/2015,Radha/Denise,TRUE,,,,,
Tripp/Granville,Granville/Kildare,6150 N,4230 W,14:47,0,0,0,0,1,0,0,2,0,0,0,0,0,,8/3/2015,Radha/Denise,FALSE,,,,,
Tripp/Granville,Granville/Keeler,6150 N,4230 W,14:51,0,0,0,0,1,0,0,3,0,0,0,0,0,,8/3/2015,Radha/Denise,TRUE,,,,,
Kedvale/Greenville,DevonAve,6150 N,4120 W,14:54,0,0,0,3,10,0,1,4,0,0,0,0,0,,8/3/2015,Radha/Denise,TRUE,,,,,
Granville/Keystone,DeadEnd,6150 N,4030 W,15:09,0,0,0,1,4,0,0,0,0,0,0,0,0,,8/3/2015,Radha/Denise,TRUE,,,,,
Granville/Harding,Harding/Glenlake,6150 N,3930 W ,15:20,0,0,0,0,9,0,0,0,0,0,0,1,0,,8/3/2015,Radha/Denise,TRUE,,,,,
Rosemont/Springfield ,Rosemont/Avers ,6250 N ,3920 W ,15:30,1,0,0,0,0,0,0,1,1,0,0,0,0,,8/3/2015,Radha/Denise,TRUE,,,,,
Avers/Springfield,Avers/Granville,4850 N ,3800 W ,15:35,0,0,0,0,1,,0,0,0,0,0,0,0,,8/3/2015,Radha/Denise,TRUE,,,,,
Ridgeway/Rosemont,Granville/Rosemont ,6250 N,3730 W ,15:41,2,3,0,1,7,0,0,0,0,0,0,0,0,,8/3/2015,Radha/Denise,TRUE,,,,,
Constance/95th,Constance/96th,9500 S,1800 E,9:36,1,3,0,0,2,0,0,2,0,0,0,0,,,8/4/2015,Alison/Gustavo,TRUE,,,,,
46th/Euclid,46th/Jeffrey,9500 S,1900 E,9:41,0,0,0,0,2,0,0,0,0,0,0,0,0,,8/4/2015,Alison/Gustavo,TRUE,,,,,
Jeffrey/96th,Jeffrey/97th,9600 S,1900 E,9:42,0,0,0,2,6,0,0,0,0,0,0,0,0,,8/4/2015,Alison/Gustavo,TRUE,,,,,
98th/Jeffrey,98th/Chappel,9700 S,2000 E,9:48,0,0,0,0,0,0,0,0,0,0,0,0,0,,8/4/2015,Alison/Gustavo,TRUE,,,,,
Clyde/98th,Clyde/98th_Pl,9800 S,2100 E,9:53,0,0,0,0,10,0,0,0,0,0,0,0,0,,8/4/2015,Alison/Gustavo,TRUE,,,,,
Chappel/98th_Pl,Chappel/98th,9900 S,2000 E,9:57,0,0,0,0,3,0,0,1,0,0,0,0,0,,8/4/2015,Alison/Gustavo,TRUE,,,,,
99th/Van_Vlissingen,99th/Clyde,9900 S,2000 E,10:05,0,0,0,0,4,0,0,2,0,0,0,1,0,,8/4/2015,Alison/Gustavo,TRUE,,,,,
Clyde/99th,Clyde/100th,9900 S,2100 E,10:10,1,1,0,1,7,0,0,0,0,0,0,1,0,,8/4/2015,Alison/Gustavo,TRUE,,,,,
102nd/Van_Vlissingen,DeadEnd,10200 S,2200 E,10:25,0,2,0,0,7,0,0,0,0,0,0,1,0,,8/4/2015,Alison/Gustavo,TRUE,,,,,
Merril/99th,Merril/97th,9800 S,2100 E,10:40,0,0,1,2,10,0,4,3,0,0,0,0,0,,8/4/2015,Alison/Gustavo,TRUE,,,,,
98th/Merrion,98th/Luella,9700 S,2200 E,10:52,0,0,0,0,3,0,0,0,0,0,0,0,0,,8/4/2015,Alison/Gustavo,TRUE,,,,,
Crandon/98th,Crandon/Oglesby,9700 S,2100 E ,11:02,0,0,1,0,5,0,1,0,0,0,0,1,0,,8/4/2015,Alison/Gustavo,TRUE,,,,,
Oglesby/96th,Oglesby/95th,9500 S,2300 E,11:14,0,0,0,0,5,0,0,1,0,0,0,0,0,,8/4/2015,Alison/Gustavo,TRUE,,,,,
95th/Paxton,DeadEnd,9500 S,2300 E,11:24,0,1,0,0,3,0,0,0,0,0,0,0,0,,8/4/2015,Alison/Gustavo,TRUE,,,,,
92nd_Pl/Luella,92nd_Pl/Crandon,9200 S,2200 E,11:45,0,0,0,1,2,0,0,0,0,0,0,0,0,,8/4/2015,Alison/Gustavo,TRUE,,,,,
Oglesby/92nd,Oglesby/91st,9100 S,2300 E,11:51,0,0,0,1,12,0,1,0,0,0,0,0,0,,8/4/2015,Alison/Gustavo,TRUE,,,,,
Philips/91st,Philips/90th,9000 S,2400 E,11:56,0,0,0,0,10,0,0,0,0,0,0,0,0,,8/4/2015,Alison/Gustavo,TRUE,,,,,
91st/Jeffrey,91st/Euclid,9000 S,1900 E,12:15,0,0,0,0,0,0,0,0,0,0,0,0,0,,8/4/2015,Alison/Gustavo,TRUE,,,,,
90th/Dante,90th_Pl/Dante,8900 S,1400 E,12:34,0,1,0,0,7,0,0,0,0,0,0,0,0,,8/4/2015,Alison/Gustavo,TRUE,,,,,
91st_Pl/Dante,92nd/Dante,9000 S,1400 E,12:40,1,1,0,1,7,0,0,0,0,0,0,0,0,,8/4/2015,Alison/Gustavo,TRUE,,,,,
92nd/East_End,92nd_Pl/East_End,9200 S,1700 E,14:10,0,0,0,0,3,0,0,0,0,0,0,0,0,,8/4/2015,Alison/Gustavo,TRUE,,,,,
91st_Pl/East_End,91st_Pl/Cregier,9100 S,1700 E,14:17,1,1,0,2,8,0,0,1,0,0,0,0,0,,8/4/2015,Alison/Gustavo,TRUE,,,,,
Cregier/92nd,Cregier/92nd_Pl,9200 S,1700 E,14:23,0,0,0,0,4,0,0,0,0,0,0,0,0,,8/4/2015,Alison/Gustavo,TRUE,,,,,
93rd/Cregier,93rd/Ridgeland,9300 S,1700 E,14:25,0,0,0,0,6,0,1,0,0,2,0,0,0,,8/4/2015,Alison/Gustavo,TRUE,,,,,
Chappel/94th,Chappel/93rd,9300 S,2000 E,14:36,0,0,0,0,8,0,0,0,0,1,0,0,0,,8/4/2015,Alison/Gustavo,TRUE,,,,,
Merril/93rd,Merril/94th,9300 S,2100 E,14:46,0,0,1,3,10,0,0,0,0,1,0,0,0,,8/4/2015,Alison/Gustavo,TRUE,,,,,
86th/Marquette,86th/Manistee,8500 S,2700 E,15:17,0,0,0,0,2,0,0,0,0,0,0,0,0,,8/4/2015,Alison/Gustavo,TRUE,,,,,
Manistee/86th,Manistee/87th,8600 S,2700 E,15:19,0,0,1,1,8,1,0,0,0,1,0,1,0,,8/4/2015,Alison/Gustavo,TRUE,,,,,
55th/Kenwood,54th/Kenwood,5400S,1300E,9:46,0,0,0,0,0,0,0,0,0,0,0,0,0,,8/5/2015,Forest/Danica,TRUE,,,,,
55th/Kimbark,54th/Kimbark,5400S,1200E,9:50,0,0,0,0,3,0,1,0,0,0,0,0,0,,8/5/2015,Forest/Danica,TRUE,,,,,
Woodlawn/50th,Greenwood/50th,5000S,1100E,10:10,0,0,0,1,4,0,0,0,0,0,0,0,0,,8/5/2015,Forest/Danica,TRUE,,,,,
Kimbark/48th,Kenwood/48th,4800S,1300E,10:22,0,0,0,1,2,0,0,0,0,0,0,0,0,,8/5/2015,Forest/Danica,TRUE,,,,,
Greenwood/48th,Ellis/48th,4800S,1000E,10:30,0,0,0,0,3,0,0,0,0,0,0,0,0,,8/5/2015,Forest/Danica,TRUE,,,,,
47th/Ellis,46th/Ellis,4600S,1000E,10:35,0,0,1,0,4,0,0,0,0,0,0,0,0,,8/5/2015,Forest/Danica,TRUE,,,,,
45th/Ellis,44th/Ellis,4400S,1000E,10:40,0,0,0,1,1,0,0,0,0,3,0,0,0,,8/5/2015,Forest/Danica,TRUE,,,,,
Berkeley/44th,Greenwood/44th,4400S,1000E,10:45,0,0,0,0,0,0,0,0,0,3,0,0,0,,8/5/2015,Forest/Danica,TRUE,,,,,
44th_Pl/Oakenwald,46th/Oakenwald,4400S,1200E,10:58,4,1,0,1,15,0,0,0,3,0,0,0,0,,8/5/2015,Forest/Danica,TRUE,,,,,
Oakenwald/42nd_Pl,Oakenwald/42nd_Pl,4200S,1000E,10:52,0,0,0,0,0,0,0,0,0,0,0,0,0,,8/5/2015,Forest/Danica,TRUE,,,,,
42nd_Pl/Lake_Park,Greenwood/Lake_Park,4200S,1100E,10:48,3,0,0,0,9,0,0,0,1,4,0,0,0,,8/5/2015,Forest/Danica,TRUE,,,,,
Martin_Luther_King_Dr/42nd,Calumet/42nd,4200S,3000E,11:40,1,0,0,0,0,0,0,0,0,2,0,0,0,,8/5/2015,Forest/Danica,TRUE,,,,,
44th/St._Lawrence,44th_Pl/St._Lawrence,4400S,600E,11:56,0,0,0,0,3,0,0,0,1,4,0,0,0,,8/5/2015,Forest/Danica,TRUE,,,,,
45th/Forrestville,46th/Forrestville,4500S,500E,12:03,0,0,0,0,11,0,1,0,2,1,0,0,0,,8/5/2015,Forest/Danica,TRUE,,,,,
46th/Vincennes,45th_Pl/Vincennes,4500S,500E,12:07,0,0,0,0,6,0,0,0,1,2,0,1,0,,8/5/2015,Forest/Danica,TRUE,,,,,
Langley/46th,Evans/46th,4600S,700E,12:16,0,0,0,0,0,0,0,0,0,9,0,0,0,,8/5/2015,Forest/Danica,TRUE,,,,,
47th/Champlain,48th/Champlain,4700S,600E,13:12,1,1,0,0,16,1,1,0,1,4,0,0,0,,8/5/2015,Alison/Danica,TRUE,,,,,
Langley/49th,Evans/49th,4900S,700E,13:28,0,0,0,0,0,0,0,0,0,0,0,0,0,,8/5/2015,Alison/Danica,TRUE,,,,,
49th/St._Lawrence,50th/St._Lawrence,4900S,600E,13:33,0,0,0,1,6,0,0,0,2,12,0,0,0,,8/5/2015,Alison/Danica,TRUE,,,,,
49th/Martin_Luther_King_Dr,48th/Martin_Luther_King_Dr,4800S,400E,13:44,0,0,2,0,4,0,0,0,0,3,0,1,0,,8/5/2015,Alison/Danica,TRUE,,,,,
49th/Prairie,48th/Prairie,4800S,300E,13:59,0,2,2,0,4,1,0,0,1,10,0,1,0,,8/5/2015,Alison/Danica,TRUE,,,,,
Prairie/48th,Indiana/48th,4800S,200E,13:51,0,0,0,0,1,0,0,0,0,12,0,0,0,,8/5/2015,Alison/Danica,TRUE,,,,,
48th/Indiana,49th/Indiana,4800S,200E,13:55,0,0,0,0,5,0,1,0,0,19,0,2,0,,8/5/2015,Alison/Danica,TRUE,,,,,
50th_Pl/Washington,51st/Washington_Park_Ct,5000S,400E,14:17,0,0,2,0,1,0,0,0,0,0,0,0,0,,8/5/2015,Alison/Danica,TRUE,,,,,
Martin_Luther_King_Dr/53rd,Calumet/53rd,5300S,300E,14:27,0,2,3,0,4,2,0,0,0,7,0,0,0,,8/5/2015,Alison/Danica,TRUE,,,,,
53rd/Prairie,54th/Prairie,5300S,300E,14:31,0,0,0,0,4,0,0,0,1,34,4,3,0,,8/5/2015,Alison/Danica,TRUE,,,,,
Drexal/52nd,Ingleside/52nd,5200S,900E,14:57,0,0,1,0,0,0,0,0,1,0,1,1,0,,8/5/2015,Alison/Danica,TRUE,,,,,
53rd/Ingleside,54th/Ingleside,5300S,900E,15:01,0,0,0,0,7,0,0,0,1,0,0,0,0,,8/5/2015,Alison/Danica,TRUE,,,,,